,
Whole Bird,5200
Twin Whole Birds,801130
Liver Cups,308120
Sanderson Drum Thigh Combo,200035
Sanderson Chicken Breast,200030
Sanderson Drumsticks,201140
Sanderson Boneless Thighs,201120
Sanderson Breast Tenders,201155
Sanderson Boneless Breast,201125
Sanderson Thin Sliced Boneless Breast,201145
Sanderson Wings,201150
Sanderson Leg Quarters,201130
Sanderson Thighs,201115
Sanderson Wingettes,6423
Atlantic Salmon,8031
Salmon Fillet COHO Farm Raised,991380
Beef Flap Meat Marinated,997080
Beef Skirt Steak Marinated,939500
Beef Chuck Steak Marinated,993315
Chicken Leg Meat Marinated,299574
Kroger Chipotle Ribs,571660
Kroger BBQ Ribs,571665
,
,
Snow Crab Flavored Seafood,8390
Squid Chunk Cooked Frozen,8551
Squid Chunks Previously Frozen,8555
Squid Whole Frozen ,8313
,
Region: Bulk Portions Sold By Count,
Cod Loins Wild Caught,8057
Atlantic Salmon Portions 5oz Farm Raised,8073
Swordfish Steak Wild Caught Previously Frozen 5oz,8070
,
Region: In Store Fried Seafood,
Cod Fillet Fried In Store,8265
Salmon Fillet Fried In Store,8266
Tilapia Fillet Previously Frozen Fried In Store,8267
Tilapia Whole Fried In Store,8268
Catfish Fillet Fried In Store,8294
Catfish Nugget Fried In Store,8269
Swai Filleted Fried In Store,8271
Snapper Fried In Store,8278
Catfish Fillet Previously Frozen Fried In Store,8286
Tilapia Fillet Fried In Store,8286
Catfish Nugget Previously Frozen Fried In Store,8295
,
Region: Case Sales,
Bone In Hams,75351
Boneless Hams,75352
Spiral Hams,75353
Pork by the Case,75358
Beef by the Case,75361
Chicken by the Case,75350
Toms Turkeys Frozen,75354
Hens Turkeys Frozen,75355
Toms Turkeys Fresh,75356
Hens Turkeys Fresh,75357
Seafod Party Platters,75360
,
,
71/90 Raw Shell On Shrimp,8420
100/200 Cooked Shrimpmeat,8346
300/500 Raw Shrimpmeat,8501
300/500 Cooked Shrimpmeat,8359
16/20 Raw Shrimp Peeled & Deveined Tail On Previously Frozen,8340
70/90 Raw Shrimp Peeled & Deveined Tail Off Previously Frozen,8335
71/90 Raw Cajun Seasoned Shrimp,990980
300/500 Cooked Shrimp Tail Off,8359
31/40 Cooked Shrimp Tail On,8365
40/60 Shrimp Cooked Tail On,8344
70/90 Shrimp Cooked Tail On,8442
Shrimp Whole Dry,1331
Crab Dungeness Whole Cooked 2/Up,8350
Crab Legs King Cooked 20/24 Frozen,9355
Crab Meat Imitation,8362
Crab Whole Dungeness Fresh,8450
Crayfish Cooked,8366
Lobster Tail 5oz Previously Frozen By Count,8878
Lobster Tail 2-3 oz Cold Water,993425
Mussels Pei Live,8403
Octopus Raw Baby Frozen,8316
Octopus Raw Baby Whole Previously Frozen,993735
Oysters - 4 Oysters Per Tray - 6 Trays,8402
Oysters,8702
Scallops Bay Frozen,8597
Seafood Caldo Cooked,8375
Seafood Medley Previously Frozen,8472
Snow Crab Clusters,8514
Snow Crab Flavored Seafood,8390
Squid Chunk Cooked Frozen,8551
Squid Chunks Previously Frozen,8555
Squid Whole Frozen,8313
,
,
Salmon Fillet Skin On Fresh,8031
Salmon Roast Fresh,8230
Salmon Fillets Atlantic Skin On D Trim,1461
Salmon Fillets Sockeye,8043
Salmon Fillets Keta,986100
Salmon Fillets Keta,985910
Salmon Pink Fillets WC,986060
Salmon Heads,8964
Salmon Heads / Bones Fresh,8464
Salmon Sockeye Salmon Fillets WC Fresh,8047
Salmon Whole Fresh,8227
Seafood Mix 1/20,8472
Smelts Round,987720
Snapper Whole 1/2,987910
Sole Arrow Flounder Fillet Fresh,8014
Sole Dover Fillet Fresh,8012
Swai Fillet Previously Frozen,8038
Swai Nuggets Previously Frozen,8513
Tilapia Fillet 3/5 Gas IQF TS,1340
Tilapia Fillet Previously Frozen Bulk,8128
Tilapia Whole Cleaned,8317
Tilapia Whole Frozen,8331
Tilapia Whole Frozen Family Pack,8333
Trout Whole Fresh,8203
Tilapia Ground,990000
Tuna Steak Wild Caught Previsouly Frozen 5oz,8072
Whiting,8132
Smelt IQF Whole Head Off Frozen,8204
Smelts Dried,1332
08/12 Head On Shrimp,8430
70/80 Head On Shrimp,8445
70/80 Head On Shrimp,8345
13/15 Raw Shrimp RHSO EZ White,8752
16/20 Raw Shell On Shrimp FW,8440
26/30 Raw Shell On Shrimp,8424
26/30 Raw Shell On Shrimp,8418
31/40 Raw Shell On Shrimp,8426
31/40 Raw Shell On Shrimp,8436
51/60 Raw Shell On Shrimp,8423
Cooked Crawfish Previously Frozen,8366
Crayfish Cooked,8666
Octopus Raw Baby Frozen,8816
Scallops Bay 80-120 count Frozen,8397
Seafood Caldo Cooked,8775
Seafood Caldo Cooked Family Pack,8675
Seafood Mix Previously Frozen,8452
Snow Crab Clusters Previously Frozen,8752
Crab Snow Crab Flavored Stuffed,8352
Snow Legs Crab Flavored Stuffed,8389
Squid Chunk Cooked Frozen,8651
Squid Whole Frozen,8813
,
Region: Value Added Seafood,
Shrimp with Garlic & Herb Butter,994960
Scallop with Garlic & Herb Butter,991970
Tilapia with Lemon Pepper Rub,988970
Salmon with Smokey BBQ Rub,986550
Shrimp with Bell Peppers,992900
Salmon with Green Beans & Carrots,992920
Salmon with Carrots & Broccoli,992930
,
Region: Bulk Items,
Buffalo Split 1/2 Fish Fresh,8914
Buffalo Whole Cracked,8214
Catfish Fillet Fresh,8001
Catfish Fillets Previsouly Frozen,8101
Catfish Headless Skinless Whole Fresh,8208
Catfish Nuggets Fresh,8570
Catfish Nuggets Previously Frozen,8453
Catfish Steaks Fresh,8327
Catfish Whole Fresh,8207
Catfish Whole Pre Cut,1401
Clams Manila,8205
Cod Fillet,8023
Salted Cod,981090
Mahi Mahi Wild Caught Previously Frozen 5oz,8071
Mahi Mahi Fillets,984130
Pacific Cof Fillet Frozen,8103
Pollock Fillets Fresh,8034
Red Snapper Fillets Fresh,8007
Red Tilapia Gutted & Scaled Previously Frozen,8318
,
Tilapia Fillets Previously Frozen,8628
Tilapia Fillets Previously Frozen Family Pack,8079
Tilapia Whole Clean,8480
Tilapia Ground,890000
Trout Whole Family Pack,8084
Tuna Ahi Steak,990280
Whiting Fillet Frozen Tray Pack,8532
Whiting Fillet Frozen Tray Pack,8632
08/12 Head On Shrimp,8730
31/40 Head On Shrimp,994220
70/80 Head On Shrimp,8645
70/80 Head On Shrimp Shell On,9490
16/20 Raw Shell On Shrimp,8428
26/30 Raw Shell On Shrimp,8624
26/30 Raw Shell On Shrimp,8824
31/40 Raw Shell On Shrimp,8626
31/40 Raw Shell On Shrimp,8926
50/60 Raw Shell On Shrimp FP,8076
51/60 Raw Shell On Shrimp,8524
51/60 Raw Shell On Shrimp,8497
71/90 Raw Peel and Deveined Tail Off,8735
71/90 Raw Peel and Deveined Tail Off,8935
71/90 Raw Shell On Shrimp,8720
71/90 Raw Shell On Shrimp,8820
100/200 Cooked Shrimpmeat,8658
300/500 Cooked Shrimpmeat,8759
300/500 Cooked Shrimpmeat,8498
Raw EZ Peel Shrimp 31/40 FP,8075
Raw Peeled and Deveined Tail On 41/50 Previously Frozen,8631
Raw Peeled and Deveined Tail On 71/90 Previously Frozen,8078
31/40 Cooked Tail On Shrimp,8665
40/60 Cooked Tail On Shrimp,8444
40/60 Cooked Tail On Shrimp,8644
40/60 Cooked Tail On Shrimp Family Pack,993620
71/90 Cooked Tail On Shrimp,8077
71/90 Cooked Tail On Shrimp,8642
71/90 Cooked Tail On Shrimp,8842
Cooked Caldo Previously Frozen,8375
Crab Dungeness Fresh,8851
Crab Dungeness Tray Pack,8850
Crab Whole Dungeness Frozen,8351
Creabmeat Flake Tray Pack,8662
,
Region: Tray Pack or Case Ready Items,
Arrowtooth Flounder Fillets Fresh,8714
Buffalo Cracked Fresh,8814
Buffalo Steaks Fresh,8853
Cayfish Fillet Fresh,8701
Cayfish Fillet Family Pack,8082
Catfish Nuggets Family Pack Fresh,8081
Catfish Nuggets Fresh,8470
Catfish Pan Ready Fresh,8608
Catfish Whole Fresh,8807
Catfish Whole Fresh,8485
Catfish Whole Headless Skinless,8808
Cod Pacific Previously Frozen,981280
Halibut Chunks Frozen,8460
Mackerel Whole Frozen,8810
Pompano Whole Frozen,8212
Pompano Whole Frozen,8812
Rainbow Trout Whole,8803
Red Snapper Fillets Fresh,8707
Rockfish Fillets Family Pack,885500
Salmon Atlantic Fillets Skin On Frozen Color Added Fish,8731
Salmon Atlantic Roast Fresh,8827
Salmon Atlantic Fillet Family Pack,985880
Salmon Atlantic Salmon Steak Fresh,8956
Salmon Fillet Skin On Fresh,8489
Salmon Heads Bones Fresh,8864
Salmon Sockeye Fillet,8245
Salmon Sockeye Fillet Family Pack,891050
Salmon Steak Fresh,8153
Seafood Medley Previously Frozen,8672
Smelt IQA Whole,8804
Smelt IQA Whole Family Pack,8505
Snapper Red Fillet Fresh,8707
Snapper Red Fillet Family Pack,8085
Sole Arrow Flounder Fillet Fresh,8714
Sole Arrow Flounder Fillet Fresh,8083
Sole Dover Fillet Fresh,8712
Swai Fillet IQA Tray Pack,8080
Swai Nuggets Fresh,8639
Tilapia Fillets Fresh,8728
,
Private Selection Sliced Boneless Smoked Honey Ham Quarter,7408
Private Selection Boneless Butter Basted Spiral Quater Ham,136875
Private Selection Bonesless Maple Spiral Quater Ham,938115
,
Sunny Valley Ham Steak,7202
,
Region: Smoked Meats,
Smoked Neckbones Family Pack Version,7562
Smoked Neckbones,7553
Smoked Pork Chops,7542
Smoked Ham Skanks,7660
Bacon Slab Rind On,7577
Pork Bacon Peppered,7094
Smoked Jennie O Turkey Boneless Ham,7556
Smoked Pork Jowls Cryovac Smithfiled,1728
Smoked Pork Bacon,1292
Pepper Pork Bacon,1290
Brown Sugar Bacon,6642
,
Region: Easy For You Seafood - EFY,
Catfish Fillet FR FH EFY,980740
Pacific Cod PF WC EFY,981280
Rockfish Fillets FH WC EFY,985500
Atlantic Salmon FH FRCA EFY,985880
Coho Salmon Fillet FH FR CAEFY ,991380
Sockeye Salmon Fillet PF EFY,991050
Sockeye Salmon Fillet FZ WC EFY,986470
Swai Fillet FR FH ESY,984430
Tilapia FR FH ESY,988950
21/25 Raw White Shrimp FR EFY,994790
31/40 Raw White Shrimp PD TO FR EFY,995060
8/12 Raw Shrimp PD EFY,995060
U15 Cooked Shrimp,994370
,
Region: Shrimp Bowls,
Shrimp Bowl Plain,890785
Shrimp Bowl Seasoned,897095
,
Farmer John Whole Ham,7500
Farmer John Half Ham Bone In,7506
Farmer John Half Spiral Sliced Ham,7517
Smithfield Whole Ham,7466
Smithfield Center Cut Ham Steak,7467
Kroger Whole Spiral Ham,537430
Kroger Spiral Ham Salted Carmel,9761
Kroger Half Spiral Ham,7412
Kroger Half Brown Sugar Spiral Ham,7413
Cooks Whole Super Trim Ham,9650
Cooks Portion Ham Butt,7458
Cooks Portion Ham Shanks,7459
Cooks Ham Shank Half,7532
Gusto Butt Half Ham,7523
Center Ham Slice,7511
Cooks Ham Slices,7520
Farmland Spiral Ham Honey 1/4,7546
Farmland OSHE Spiral Half Ham Honey,7547
Hillshire Farm Brown Sugar Ham,7548
Hillshire Spiral Cut Ham,7510
Private Selection Spiral Ham,7514
Cooks Smoked Half Picnic,7540
Wrights Hardwood Smoked Carving Ham,7410
STN Hickory Smoked Half Ham,7424
Private Selection Hickory Smoked Spiral Ham,1321
Private Selection Honey Smoked Spiral Ham,1314
Smith Crunch Glazed Spiral Ham 1/2,337135
Smith Crunch Pecan Pralined Half Ham,8958
Smith Crunch Glazed Spiral Ham 1/2,9465
Private Selection Quarter Boneless Honey Ham,9651
Private Selection Hickory Smoked 1/2 Spiral With Red Currant Glaze,9783
Sugardale Shank Butt Portion Hams,436895
Sugardale Shank Butt Portion Hams,437045
,
Region: Hams Boneless,
Hormel Cure 81 Boneless Ham Whole,7525
Hormel Cure 81 Boneless Ham Half,7526
Hormel Cure 81 Boneless Ham Quarter,7528
Private Selection Boneless Honey Ham,7541
Private Selection Boneless Hickory Smoked Ham,7543